{"cameraMode":{"drawMode":0,"name":"Shaded","section":"Shading Mode"},"sceneLighting":true,"audioPlay":false,"sceneViewState":{"m_AlwaysRefresh":false,"showFog":true,"showSkybox":true,"showFlares":true,"showImageEffects":true,"showParticleSystems":true,"showVisualEffectGraphs":true,"m_FxEnabled":true},"in2DMode":false,"pivot":{"x":252.96534729003907,"y":48.996803283691409,"z":648.38916015625},"rotation":{"x":0.04677553474903107,"y":-0.026972223073244096,"z":0.0012634542072191835,"w":0.9985412955284119},"size":626.5147094726563,"orthographic":false}